"Id";"Pociones";"Defensa";"Transformaciones";"Encantamientos"
1;"F";"MHB";"F";"MHB"
2;"F";"F";"F";"F"
3;"MHB";"MHB";"MHB";"F"
4;"MHB";"MHB";"MHB";"MHB"
5;"F";"MHB";"MHB";"F"
6;"MHB";"MHB";"MHB";"F"
7;"F";"MHB";"F";"F"
8;"MHB";"F";"F";"F"
9;"F";"MHB";"MHB";"MHB"
10;"MHB";"MHB";"MHB";"MHB"
11;"F";"MHB";"F";"MHB"
12;"MHB";"F";"F";"MHB"
13;"F";"F";"MHB";"MHB"
14;"F";"MHB";"F";"F"
15;"MHB";"MHB";"MHB";"MHB"
16;"MHB";"F";"MHB";"MHB"
17;"F";"MHB";"MHB";"F"
18;"F";"F";"F";"MHB"
19;"MHB";"MHB";"F";"MHB"
20;"F";"MHB";"F";"MHB"
21;"F";"MHB";"F";"MHB"
22;"F";"MHB";"F";"MHB"
23;"F";"MHB";"MHB";"F"
24;"MHB";"F";"MHB";"F"
25;"MHB";"MHB";"MHB";"F"
26;"F";"F";"MHB";"MHB"
27;"MHB";"F";"F";"MHB"
28;"MHB";"MHB";"F";"F"
29;"F";"MHB";"MHB";"MHB"
30;"MHB";"F";"MHB";"F"
31;"MHB";"F";"MHB";"F"
32;"MHB";"F";"F";"MHB"
33;"MHB";"F";"MHB";"F"
34;"MHB";"MHB";"F";"F"
35;"MHB";"MHB";"F";"MHB"
36;"F";"MHB";"MHB";"MHB"
37;"MHB";"F";"MHB";"MHB"
38;"F";"F";"F";"MHB"
39;"F";"F";"MHB";"F"
40;"F";"MHB";"MHB";"MHB"
41;"MHB";"F";"MHB";"F"
42;"MHB";"MHB";"F";"F"
43;"F";"F";"F";"F"
44;"MHB";"F";"F";"F"
45;"MHB";"MHB";"MHB";"MHB"
46;"MHB";"MHB";"MHB";"F"
47;"F";"MHB";"F";"MHB"
48;"MHB";"F";"F";"MHB"
49;"F";"F";"MHB";"MHB"
50;"MHB";"F";"MHB";"MHB"
51;"MHB";"MHB";"MHB";"F"
52;"F";"F";"F";"MHB"
53;"MHB";"MHB";"F";"MHB"
54;"MHB";"F";"MHB";"F"
55;"F";"F";"F";"MHB"
56;"MHB";"F";"F";"F"
57;"MHB";"F";"MHB";"F"
58;"MHB";"MHB";"MHB";"F"
59;"MHB";"MHB";"MHB";"F"
60;"MHB";"MHB";"F";"F"
61;"F";"MHB";"F";"F"
62;"F";"F";"F";"F"
63;"MHB";"MHB";"MHB";"F"
64;"MHB";"F";"MHB";"MHB"
65;"F";"MHB";"MHB";"F"
66;"MHB";"MHB";"F";"MHB"
67;"F";"F";"MHB";"F"
68;"MHB";"F";"MHB";"MHB"
69;"F";"MHB";"MHB";"MHB"
70;"MHB";"MHB";"MHB";"F"
71;"F";"F";"F";"MHB"
72;"MHB";"F";"MHB";"MHB"
73;"F";"F";"F";"F"
74;"F";"MHB";"F";"F"
75;"F";"MHB";"MHB";"F"
76;"F";"F";"F";"MHB"
77;"MHB";"MHB";"MHB";"F"
78;"F";"F";"F";"F"
79;"MHB";"F";"F";"F"
80;"MHB";"F";"MHB";"MHB"
81;"F";"MHB";"MHB";"F"
82;"MHB";"MHB";"MHB";"MHB"
83;"F";"MHB";"F";"MHB"
84;"MHB";"MHB";"MHB";"MHB"
85;"F";"MHB";"MHB";"F"
86;"F";"MHB";"F";"MHB"
87;"MHB";"MHB";"MHB";"MHB"
88;"MHB";"MHB";"F";"MHB"
89;"F";"MHB";"F";"MHB"
90;"F";"F";"F";"F"
91;"F";"F";"F";"MHB"
92;"F";"MHB";"F";"MHB"
93;"MHB";"MHB";"F";"MHB"
94;"F";"F";"MHB";"F"
95;"MHB";"F";"MHB";"F"
96;"F";"MHB";"MHB";"MHB"
97;"F";"MHB";"F";"MHB"
98;"F";"MHB";"F";"F"
99;"MHB";"F";"F";"F"
100;"MHB";"F";"MHB";"MHB"
101;"MHB";"F";"MHB";"F"
102;"F";"MHB";"MHB";"MHB"
103;"MHB";"MHB";"F";"F"
104;"F";"MHB";"MHB";"MHB"
105;"MHB";"MHB";"MHB";"MHB"
106;"MHB";"MHB";"F";"MHB"
107;"MHB";"MHB";"MHB";"F"
108;"MHB";"MHB";"F";"F"
109;"F";"MHB";"F";"F"
110;"MHB";"MHB";"F";"F"
111;"MHB";"MHB";"MHB";"MHB"
112;"F";"MHB";"MHB";"F"
113;"F";"F";"MHB";"F"
114;"MHB";"MHB";"MHB";"MHB"
115;"MHB";"MHB";"F";"MHB"
116;"MHB";"MHB";"F";"MHB"
117;"MHB";"F";"F";"F"
118;"F";"MHB";"F";"F"
119;"F";"F";"F";"MHB"
120;"F";"MHB";"F";"MHB"
121;"MHB";"MHB";"F";"MHB"
122;"MHB";"F";"F";"MHB"
123;"MHB";"MHB";"F";"F"
124;"MHB";"MHB";"MHB";"F"
125;"F";"F";"F";"MHB"
126;"MHB";"MHB";"MHB";"F"
127;"F";"F";"F";"MHB"
128;"F";"MHB";"F";"MHB"
129;"MHB";"MHB";"F";"MHB"
130;"F";"F";"F";"MHB"
131;"F";"F";"F";"F"
132;"MHB";"F";"F";"MHB"
133;"MHB";"F";"F";"F"
134;"F";"MHB";"F";"MHB"
135;"MHB";"MHB";"F";"MHB"
136;"F";"MHB";"MHB";"F"
137;"MHB";"MHB";"F";"MHB"
138;"F";"F";"F";"MHB"
139;"F";"MHB";"MHB";"F"
140;"F";"MHB";"F";"F"
141;"F";"F";"MHB";"F"
142;"MHB";"F";"MHB";"MHB"
143;"MHB";"MHB";"MHB";"F"
144;"F";"MHB";"F";"MHB"
145;"MHB";"MHB";"MHB";"MHB"
146;"F";"F";"F";"MHB"
147;"F";"MHB";"F";"MHB"
148;"MHB";"F";"F";"F"
149;"F";"MHB";"MHB";"F"
150;"MHB";"MHB";"MHB";"F"
151;"MHB";"F";"F";"MHB"
152;"MHB";"MHB";"MHB";"MHB"
153;"F";"F";"MHB";"MHB"
154;"MHB";"MHB";"F";"MHB"
155;"MHB";"F";"F";"F"
156;"MHB";"F";"MHB";"MHB"
157;"MHB";"F";"MHB";"MHB"
158;"F";"MHB";"MHB";"F"
159;"F";"MHB";"MHB";"MHB"
160;"F";"MHB";"MHB";"MHB"
161;"MHB";"MHB";"F";"MHB"
162;"F";"MHB";"MHB";"F"
163;"MHB";"F";"F";"MHB"
164;"MHB";"MHB";"MHB";"MHB"
165;"MHB";"F";"MHB";"MHB"
166;"MHB";"MHB";"F";"F"
167;"MHB";"F";"MHB";"MHB"
168;"MHB";"MHB";"MHB";"MHB"
169;"F";"F";"F";"F"
170;"MHB";"MHB";"MHB";"MHB"
171;"MHB";"MHB";"F";"MHB"
172;"F";"F";"F";"F"
173;"MHB";"MHB";"MHB";"MHB"
174;"F";"F";"MHB";"F"
175;"MHB";"MHB";"MHB";"MHB"
176;"MHB";"MHB";"F";"MHB"
177;"F";"MHB";"F";"F"
178;"F";"MHB";"F";"F"
179;"F";"MHB";"F";"F"
180;"F";"F";"F";"F"
181;"F";"F";"MHB";"F"
182;"F";"MHB";"F";"F"
183;"F";"MHB";"F";"MHB"
184;"MHB";"MHB";"MHB";"MHB"
185;"F";"MHB";"MHB";"F"
186;"MHB";"MHB";"MHB";"F"
187;"MHB";"MHB";"MHB";"MHB"
188;"F";"F";"MHB";"MHB"
189;"MHB";"MHB";"MHB";"MHB"
190;"MHB";"F";"MHB";"MHB"
191;"F";"F";"MHB";"MHB"
192;"F";"F";"F";"F"
193;"MHB";"MHB";"MHB";"MHB"
194;"MHB";"MHB";"MHB";"MHB"
195;"MHB";"F";"MHB";"F"
196;"MHB";"F";"F";"MHB"
197;"MHB";"MHB";"MHB";"F"
198;"F";"F";"MHB";"F"
199;"MHB";"F";"F";"F"
200;"MHB";"F";"F";"F"
201;"MHB";"F";"MHB";"MHB"
202;"F";"F";"F";"F"
203;"MHB";"MHB";"MHB";"F"
204;"MHB";"F";"MHB";"MHB"
205;"F";"F";"MHB";"F"
206;"F";"F";"F";"MHB"
207;"F";"MHB";"F";"F"
208;"MHB";"MHB";"F";"MHB"
209;"F";"MHB";"F";"MHB"
210;"MHB";"MHB";"MHB";"F"
211;"F";"MHB";"F";"MHB"
212;"F";"F";"F";"MHB"
213;"MHB";"MHB";"MHB";"F"
214;"F";"MHB";"MHB";"F"
215;"MHB";"F";"MHB";"MHB"
216;"F";"F";"F";"F"
217;"F";"MHB";"MHB";"F"
218;"MHB";"MHB";"MHB";"MHB"
219;"MHB";"MHB";"MHB";"F"
220;"F";"F";"MHB";"F"
221;"F";"F";"MHB";"F"
222;"MHB";"F";"MHB";"MHB"
223;"MHB";"MHB";"MHB";"MHB"
224;"MHB";"F";"F";"F"
225;"F";"F";"F";"MHB"
226;"MHB";"F";"F";"F"
227;"F";"F";"MHB";"F"
228;"F";"F";"MHB";"F"
229;"F";"MHB";"MHB";"MHB"
230;"MHB";"MHB";"F";"MHB"
231;"F";"MHB";"F";"F"
232;"MHB";"MHB";"MHB";"F"
233;"F";"F";"MHB";"MHB"
234;"F";"F";"F";"F"
235;"MHB";"F";"MHB";"F"
236;"MHB";"MHB";"F";"MHB"
237;"MHB";"MHB";"F";"MHB"
238;"MHB";"F";"F";"MHB"
239;"F";"MHB";"F";"MHB"
240;"F";"F";"MHB";"MHB"
241;"MHB";"MHB";"MHB";"MHB"
242;"MHB";"MHB";"MHB";"MHB"
243;"MHB";"MHB";"F";"F"
244;"F";"MHB";"MHB";"MHB"
245;"F";"F";"MHB";"F"
246;"F";"F";"MHB";"F"
247;"MHB";"F";"MHB";"MHB"
248;"MHB";"F";"F";"F"
249;"MHB";"MHB";"F";"F"
250;"F";"F";"MHB";"F"
251;"MHB";"F";"F";"MHB"
252;"F";"F";"F";"F"
253;"MHB";"MHB";"F";"MHB"
254;"MHB";"MHB";"MHB";"F"
255;"F";"MHB";"F";"F"
256;"F";"MHB";"F";"MHB"
257;"F";"MHB";"F";"MHB"
258;"F";"MHB";"MHB";"F"
259;"F";"F";"MHB";"MHB"
260;"F";"F";"MHB";"F"
261;"F";"F";"F";"MHB"
262;"F";"MHB";"MHB";"MHB"
263;"MHB";"F";"MHB";"MHB"
264;"F";"F";"MHB";"MHB"
265;"MHB";"F";"F";"F"
266;"F";"MHB";"F";"MHB"
267;"F";"MHB";"MHB";"MHB"
268;"F";"MHB";"MHB";"MHB"
269;"MHB";"MHB";"F";"MHB"
270;"F";"MHB";"MHB";"MHB"
271;"MHB";"F";"F";"F"
272;"F";"F";"F";"F"
273;"F";"F";"MHB";"MHB"
274;"MHB";"F";"MHB";"F"
275;"MHB";"F";"MHB";"MHB"
276;"MHB";"F";"F";"F"
277;"MHB";"F";"MHB";"MHB"
278;"F";"F";"MHB";"MHB"
279;"MHB";"MHB";"F";"F"
280;"MHB";"MHB";"MHB";"MHB"
281;"F";"F";"MHB";"MHB"
282;"F";"MHB";"MHB";"F"
283;"MHB";"F";"F";"F"
284;"F";"F";"F";"F"
285;"F";"MHB";"F";"MHB"
286;"F";"F";"MHB";"F"
287;"MHB";"MHB";"MHB";"F"
288;"F";"MHB";"MHB";"F"
289;"F";"MHB";"MHB";"MHB"
290;"F";"MHB";"MHB";"F"
291;"F";"MHB";"F";"F"
292;"MHB";"F";"MHB";"MHB"
293;"MHB";"MHB";"F";"MHB"
294;"MHB";"MHB";"MHB";"F"
295;"F";"MHB";"MHB";"MHB"
296;"MHB";"F";"MHB";"MHB"
297;"MHB";"MHB";"F";"F"
298;"F";"MHB";"MHB";"F"
299;"F";"MHB";"F";"F"
300;"F";"F";"F";"MHB"
301;"MHB";"MHB";"MHB";"F"
302;"F";"F";"MHB";"MHB"
303;"MHB";"F";"MHB";"F"
304;"F";"F";"F";"F"
305;"MHB";"F";"F";"MHB"
306;"F";"F";"F";"F"
307;"F";"F";"F";"F"
308;"MHB";"MHB";"MHB";"MHB"
309;"F";"F";"F";"F"
310;"MHB";"MHB";"MHB";"MHB"
311;"F";"MHB";"F";"MHB"
312;"MHB";"MHB";"MHB";"MHB"
313;"MHB";"MHB";"F";"MHB"
314;"MHB";"MHB";"F";"F"
315;"F";"F";"F";"F"
316;"MHB";"F";"F";"F"
317;"F";"F";"MHB";"MHB"
318;"MHB";"F";"MHB";"MHB"
319;"F";"MHB";"MHB";"F"
320;"F";"MHB";"F";"F"
321;"F";"F";"F";"F"
322;"F";"MHB";"F";"MHB"
323;"F";"MHB";"MHB";"F"
324;"F";"F";"F";"MHB"
325;"MHB";"MHB";"MHB";"MHB"
326;"MHB";"MHB";"MHB";"F"
327;"F";"F";"F";"MHB"
328;"MHB";"F";"F";"F"
329;"MHB";"MHB";"F";"MHB"
330;"F";"MHB";"MHB";"F"
331;"F";"MHB";"F";"F"
332;"F";"F";"MHB";"MHB"
333;"MHB";"F";"F";"F"
334;"MHB";"F";"MHB";"F"
335;"MHB";"F";"MHB";"MHB"
336;"F";"MHB";"F";"MHB"
337;"MHB";"MHB";"MHB";"F"
338;"F";"MHB";"MHB";"MHB"
339;"MHB";"MHB";"MHB";"MHB"
340;"MHB";"F";"MHB";"F"
341;"MHB";"F";"F";"F"
342;"F";"F";"F";"F"
343;"MHB";"MHB";"MHB";"F"
344;"F";"F";"F";"F"
345;"F";"F";"F";"F"
346;"MHB";"MHB";"MHB";"F"
347;"F";"MHB";"F";"F"
348;"F";"F";"MHB";"MHB"
349;"F";"MHB";"F";"MHB"
350;"F";"F";"MHB";"MHB"
351;"F";"MHB";"F";"F"
352;"MHB";"MHB";"F";"MHB"
353;"MHB";"F";"MHB";"F"
354;"F";"MHB";"F";"F"
355;"MHB";"MHB";"F";"F"
356;"F";"MHB";"MHB";"F"
357;"F";"F";"F";"MHB"
358;"MHB";"F";"F";"F"
359;"MHB";"F";"MHB";"MHB"
360;"F";"F";"F";"F"
361;"MHB";"MHB";"MHB";"MHB"
362;"F";"F";"MHB";"MHB"
363;"MHB";"F";"F";"MHB"
364;"MHB";"MHB";"MHB";"F"
365;"F";"F";"F";"MHB"
366;"F";"MHB";"F";"F"
367;"F";"MHB";"MHB";"MHB"
368;"F";"F";"MHB";"F"
369;"MHB";"F";"F";"F"
370;"MHB";"F";"MHB";"F"
371;"MHB";"MHB";"F";"F"
372;"F";"MHB";"F";"MHB"
373;"MHB";"F";"F";"F"
374;"F";"MHB";"F";"F"
375;"F";"F";"F";"F"
376;"F";"F";"MHB";"MHB"
377;"MHB";"F";"F";"MHB"
378;"MHB";"MHB";"MHB";"MHB"
379;"MHB";"F";"MHB";"F"
380;"MHB";"MHB";"F";"F"
381;"F";"MHB";"MHB";"F"
382;"F";"MHB";"MHB";"MHB"
383;"MHB";"F";"F";"F"
384;"MHB";"F";"F";"MHB"
385;"F";"MHB";"F";"F"
386;"F";"F";"F";"F"
387;"MHB";"F";"MHB";"F"
388;"MHB";"F";"MHB";"F"
389;"MHB";"MHB";"MHB";"MHB"
390;"MHB";"MHB";"MHB";"MHB"
391;"F";"F";"MHB";"MHB"
392;"F";"F";"MHB";"F"
393;"F";"MHB";"F";"F"
394;"F";"MHB";"MHB";"MHB"
395;"F";"F";"F";"MHB"
396;"F";"MHB";"MHB";"MHB"
397;"F";"F";"F";"F"
398;"F";"F";"F";"F"
399;"F";"F";"F";"MHB"
400;"F";"MHB";"MHB";"F"
401;"F";"F";"F";"F"
402;"MHB";"MHB";"F";"MHB"
403;"MHB";"MHB";"MHB";"MHB"
404;"MHB";"F";"MHB";"F"
405;"MHB";"F";"MHB";"MHB"
406;"MHB";"F";"MHB";"F"
407;"F";"F";"F";"F"
408;"F";"F";"F";"F"
409;"F";"MHB";"F";"F"
410;"MHB";"MHB";"F";"MHB"
411;"MHB";"F";"F";"F"
412;"F";"F";"MHB";"F"
413;"MHB";"MHB";"F";"MHB"
414;"F";"F";"F";"MHB"
415;"MHB";"F";"MHB";"F"
416;"MHB";"MHB";"MHB";"F"
417;"MHB";"MHB";"MHB";"F"
418;"MHB";"MHB";"MHB";"MHB"
419;"F";"MHB";"MHB";"F"
420;"MHB";"F";"F";"MHB"
421;"F";"F";"MHB";"F"
422;"MHB";"F";"F";"F"
423;"MHB";"MHB";"MHB";"F"
424;"F";"MHB";"MHB";"MHB"
425;"F";"MHB";"MHB";"MHB"
426;"MHB";"MHB";"F";"F"
427;"F";"F";"MHB";"F"
428;"F";"F";"MHB";"MHB"
429;"F";"F";"F";"MHB"
430;"F";"MHB";"F";"MHB"
431;"MHB";"F";"MHB";"MHB"
432;"F";"F";"MHB";"MHB"
433;"MHB";"F";"MHB";"F"
434;"F";"MHB";"F";"MHB"
435;"F";"F";"F";"F"
436;"F";"F";"F";"F"
437;"MHB";"MHB";"F";"MHB"
438;"F";"F";"F";"MHB"
439;"MHB";"MHB";"F";"F"
440;"F";"F";"F";"MHB"
441;"F";"MHB";"MHB";"F"
442;"MHB";"F";"MHB";"MHB"
443;"F";"MHB";"MHB";"F"
444;"F";"MHB";"F";"MHB"
445;"F";"MHB";"MHB";"F"
446;"F";"MHB";"F";"MHB"
447;"F";"F";"MHB";"MHB"
448;"MHB";"MHB";"MHB";"MHB"
449;"F";"MHB";"MHB";"MHB"
450;"F";"F";"F";"F"
451;"F";"MHB";"F";"F"
452;"F";"MHB";"MHB";"MHB"
453;"F";"MHB";"F";"MHB"
454;"F";"F";"MHB";"MHB"
455;"F";"F";"F";"F"
456;"MHB";"MHB";"F";"F"
457;"F";"F";"F";"F"
458;"F";"MHB";"MHB";"F"
459;"MHB";"F";"MHB";"MHB"
460;"F";"MHB";"MHB";"F"
461;"MHB";"F";"MHB";"MHB"
462;"MHB";"F";"F";"F"
463;"MHB";"F";"MHB";"MHB"
464;"MHB";"MHB";"F";"MHB"
465;"MHB";"F";"F";"MHB"
466;"F";"MHB";"F";"F"
467;"F";"MHB";"MHB";"F"
468;"MHB";"MHB";"F";"MHB"
469;"F";"MHB";"F";"MHB"
470;"F";"F";"F";"MHB"
471;"F";"MHB";"MHB";"MHB"
472;"MHB";"MHB";"MHB";"MHB"
473;"F";"MHB";"MHB";"F"
474;"MHB";"F";"F";"MHB"
475;"F";"MHB";"F";"F"
476;"F";"MHB";"MHB";"F"
477;"F";"F";"F";"MHB"
478;"MHB";"F";"MHB";"MHB"
479;"F";"F";"MHB";"F"
480;"MHB";"F";"MHB";"MHB"
481;"MHB";"MHB";"MHB";"MHB"
482;"MHB";"MHB";"MHB";"F"
483;"F";"MHB";"MHB";"MHB"
484;"MHB";"MHB";"MHB";"F"
485;"F";"MHB";"F";"MHB"
486;"MHB";"MHB";"MHB";"F"
487;"MHB";"MHB";"MHB";"MHB"
488;"MHB";"MHB";"MHB";"MHB"
489;"F";"F";"MHB";"MHB"
490;"F";"MHB";"MHB";"MHB"
491;"F";"MHB";"F";"MHB"
492;"MHB";"MHB";"MHB";"F"
493;"F";"F";"F";"F"
494;"MHB";"MHB";"MHB";"MHB"
495;"MHB";"F";"MHB";"MHB"
496;"F";"MHB";"MHB";"MHB"
497;"F";"MHB";"F";"F"
498;"MHB";"MHB";"MHB";"MHB"
499;"MHB";"MHB";"F";"F"
500;"MHB";"MHB";"F";"F"
501;"F";"F";"F";"MHB"
502;"MHB";"F";"F";"MHB"
503;"F";"MHB";"MHB";"MHB"
504;"MHB";"MHB";"F";"F"
505;"F";"F";"MHB";"F"
506;"MHB";"F";"F";"F"
507;"MHB";"F";"MHB";"F"
508;"MHB";"F";"F";"MHB"
509;"F";"F";"F";"F"
510;"F";"MHB";"MHB";"F"
511;"F";"F";"MHB";"F"
512;"F";"F";"F";"MHB"
513;"MHB";"MHB";"F";"MHB"
514;"MHB";"F";"F";"MHB"
515;"F";"F";"MHB";"MHB"
516;"F";"F";"MHB";"MHB"
517;"F";"MHB";"F";"F"
518;"F";"F";"MHB";"MHB"
519;"F";"F";"F";"F"
520;"MHB";"F";"F";"F"
521;"F";"F";"F";"F"
522;"F";"F";"MHB";"MHB"
523;"F";"MHB";"F";"MHB"
524;"F";"MHB";"MHB";"MHB"
525;"MHB";"F";"MHB";"F"
526;"MHB";"F";"F";"F"
527;"F";"F";"F";"MHB"
528;"MHB";"F";"MHB";"MHB"
529;"F";"MHB";"F";"F"
530;"F";"MHB";"F";"MHB"
531;"MHB";"F";"F";"MHB"
532;"MHB";"F";"F";"MHB"
533;"F";"MHB";"F";"MHB"
534;"MHB";"F";"F";"MHB"
535;"F";"MHB";"F";"MHB"
536;"MHB";"MHB";"F";"F"
537;"F";"MHB";"F";"F"
538;"F";"F";"MHB";"MHB"
539;"F";"MHB";"F";"MHB"
540;"F";"MHB";"MHB";"MHB"
541;"MHB";"MHB";"F";"F"
542;"MHB";"MHB";"MHB";"F"
543;"F";"MHB";"F";"MHB"
544;"F";"F";"F";"MHB"
545;"MHB";"F";"MHB";"F"
546;"MHB";"F";"F";"F"
547;"MHB";"MHB";"MHB";"MHB"
548;"F";"F";"F";"F"
549;"MHB";"MHB";"F";"F"
550;"MHB";"F";"MHB";"MHB"
551;"F";"MHB";"F";"MHB"
552;"F";"MHB";"F";"MHB"
553;"MHB";"F";"MHB";"F"
554;"MHB";"MHB";"F";"MHB"
555;"MHB";"MHB";"MHB";"F"
556;"MHB";"F";"F";"F"
557;"MHB";"F";"F";"MHB"
558;"MHB";"MHB";"MHB";"MHB"
559;"MHB";"F";"F";"MHB"
560;"F";"F";"F";"MHB"
561;"F";"MHB";"F";"MHB"
562;"F";"MHB";"F";"MHB"
563;"MHB";"MHB";"MHB";"MHB"
564;"MHB";"MHB";"F";"MHB"
565;"MHB";"F";"MHB";"F"
566;"MHB";"MHB";"MHB";"F"
567;"F";"MHB";"F";"MHB"
568;"F";"MHB";"F";"F"
569;"MHB";"MHB";"F";"MHB"
570;"MHB";"F";"F";"F"
571;"MHB";"F";"F";"F"
572;"MHB";"MHB";"F";"MHB"
573;"MHB";"MHB";"MHB";"F"
574;"MHB";"F";"MHB";"F"
575;"MHB";"MHB";"MHB";"MHB"
576;"MHB";"MHB";"MHB";"MHB"
577;"F";"MHB";"F";"F"
578;"F";"MHB";"MHB";"F"
579;"MHB";"F";"MHB";"F"
580;"MHB";"F";"MHB";"MHB"
581;"F";"MHB";"MHB";"F"
582;"F";"F";"F";"MHB"
583;"F";"F";"F";"F"
584;"F";"F";"F";"F"
585;"MHB";"MHB";"F";"MHB"
586;"F";"F";"MHB";"MHB"
587;"F";"F";"F";"F"
588;"MHB";"MHB";"MHB";"MHB"
589;"F";"MHB";"F";"MHB"
590;"F";"F";"F";"F"
591;"F";"MHB";"F";"F"
592;"MHB";"MHB";"F";"F"
593;"MHB";"MHB";"MHB";"MHB"
594;"F";"F";"F";"MHB"
595;"MHB";"MHB";"F";"F"
596;"F";"MHB";"F";"MHB"
597;"MHB";"F";"F";"F"
598;"F";"MHB";"F";"F"
599;"MHB";"MHB";"MHB";"MHB"
600;"MHB";"F";"MHB";"F"
601;"F";"F";"F";"MHB"
602;"F";"F";"F";"MHB"
603;"MHB";"MHB";"F";"F"
604;"MHB";"MHB";"F";"MHB"
605;"MHB";"MHB";"MHB";"MHB"
606;"F";"F";"MHB";"MHB"
607;"MHB";"MHB";"F";"MHB"
608;"MHB";"F";"F";"F"
609;"MHB";"MHB";"MHB";"F"
610;"MHB";"MHB";"F";"MHB"
611;"MHB";"MHB";"F";"F"
612;"MHB";"F";"MHB";"F"
613;"F";"F";"MHB";"F"
614;"F";"MHB";"MHB";"F"
615;"F";"MHB";"F";"F"
616;"F";"F";"MHB";"F"
617;"MHB";"MHB";"MHB";"F"
618;"F";"MHB";"F";"F"
619;"F";"MHB";"F";"MHB"
620;"F";"MHB";"F";"F"
621;"MHB";"F";"F";"F"
622;"MHB";"MHB";"F";"F"
623;"MHB";"MHB";"F";"F"
624;"MHB";"MHB";"MHB";"F"
625;"MHB";"MHB";"MHB";"F"
626;"MHB";"MHB";"MHB";"F"
627;"MHB";"F";"F";"F"
628;"F";"F";"MHB";"F"
629;"F";"F";"MHB";"F"
630;"F";"F";"MHB";"F"
631;"F";"F";"MHB";"F"
632;"MHB";"F";"F";"MHB"
633;"F";"MHB";"MHB";"MHB"
634;"F";"MHB";"MHB";"MHB"
635;"F";"MHB";"F";"MHB"
636;"MHB";"F";"F";"MHB"
637;"F";"F";"F";"F"
638;"F";"F";"F";"MHB"
639;"F";"F";"F";"F"
640;"MHB";"F";"F";"F"
641;"F";"MHB";"MHB";"F"
642;"F";"F";"F";"MHB"
643;"MHB";"F";"F";"MHB"
644;"MHB";"F";"MHB";"F"
645;"MHB";"F";"F";"MHB"
646;"F";"F";"MHB";"F"
647;"MHB";"MHB";"MHB";"MHB"
648;"F";"MHB";"F";"MHB"
649;"F";"F";"F";"F"
650;"MHB";"MHB";"F";"F"
651;"MHB";"F";"F";"F"
652;"MHB";"MHB";"MHB";"MHB"
653;"MHB";"F";"MHB";"MHB"
654;"MHB";"F";"F";"F"
655;"F";"MHB";"MHB";"MHB"
656;"MHB";"F";"F";"MHB"
657;"F";"F";"MHB";"F"
658;"MHB";"MHB";"MHB";"MHB"
659;"MHB";"F";"F";"F"
660;"F";"F";"MHB";"MHB"
661;"F";"MHB";"F";"F"
662;"MHB";"MHB";"F";"F"
663;"F";"F";"MHB";"F"
664;"F";"MHB";"MHB";"F"
665;"MHB";"F";"F";"F"
666;"MHB";"MHB";"F";"F"
667;"MHB";"MHB";"MHB";"MHB"
668;"MHB";"MHB";"F";"MHB"
669;"F";"MHB";"F";"F"
670;"F";"F";"F";"F"
671;"F";"MHB";"MHB";"F"
672;"MHB";"F";"F";"MHB"
673;"MHB";"F";"MHB";"MHB"
674;"MHB";"F";"MHB";"MHB"
675;"F";"F";"MHB";"F"
676;"F";"F";"F";"MHB"
677;"F";"F";"MHB";"F"
678;"MHB";"MHB";"F";"MHB"
679;"MHB";"F";"F";"F"
680;"F";"MHB";"MHB";"MHB"
681;"MHB";"F";"MHB";"F"
682;"F";"F";"MHB";"F"
683;"F";"MHB";"F";"F"
684;"F";"MHB";"F";"F"
685;"MHB";"MHB";"MHB";"F"
686;"MHB";"F";"MHB";"MHB"
687;"MHB";"MHB";"MHB";"F"
688;"MHB";"F";"F";"MHB"
689;"MHB";"MHB";"F";"MHB"
690;"MHB";"F";"MHB";"MHB"
691;"F";"MHB";"F";"F"
692;"F";"F";"MHB";"MHB"
693;"MHB";"MHB";"MHB";"F"
694;"MHB";"F";"F";"MHB"
695;"F";"F";"F";"F"
696;"MHB";"F";"F";"MHB"
697;"F";"F";"MHB";"MHB"
698;"F";"MHB";"F";"F"
699;"F";"F";"MHB";"MHB"
700;"MHB";"F";"MHB";"MHB"
701;"F";"F";"MHB";"MHB"
702;"MHB";"MHB";"F";"F"
703;"MHB";"MHB";"MHB";"F"
704;"F";"F";"MHB";"F"
705;"F";"MHB";"MHB";"F"
706;"F";"F";"MHB";"F"
707;"MHB";"F";"MHB";"F"
708;"MHB";"F";"F";"MHB"
709;"MHB";"F";"F";"MHB"
710;"MHB";"MHB";"F";"F"
711;"MHB";"MHB";"F";"F"
712;"MHB";"F";"MHB";"MHB"
713;"MHB";"MHB";"F";"F"
714;"F";"MHB";"MHB";"MHB"
715;"F";"F";"MHB";"MHB"
716;"MHB";"F";"F";"MHB"
717;"MHB";"F";"F";"F"
718;"F";"F";"MHB";"F"
719;"MHB";"MHB";"F";"MHB"
720;"F";"F";"F";"F"
721;"MHB";"F";"MHB";"F"
722;"MHB";"MHB";"MHB";"F"
723;"MHB";"MHB";"F";"MHB"
724;"MHB";"F";"MHB";"F"
725;"MHB";"MHB";"MHB";"F"
726;"F";"F";"F";"MHB"
727;"F";"F";"MHB";"MHB"
728;"MHB";"MHB";"MHB";"F"
729;"F";"F";"F";"MHB"
730;"MHB";"MHB";"F";"F"
731;"MHB";"F";"F";"MHB"
732;"F";"MHB";"F";"F"
733;"MHB";"F";"F";"MHB"
734;"MHB";"F";"F";"MHB"
735;"F";"F";"F";"MHB"
736;"MHB";"F";"F";"F"
737;"F";"MHB";"MHB";"MHB"
738;"MHB";"F";"F";"F"
739;"MHB";"F";"MHB";"MHB"
740;"MHB";"MHB";"MHB";"F"
741;"MHB";"MHB";"F";"MHB"
742;"F";"F";"MHB";"MHB"
743;"F";"F";"F";"F"
744;"MHB";"MHB";"F";"F"
745;"MHB";"F";"F";"F"
746;"MHB";"F";"MHB";"F"
747;"MHB";"F";"MHB";"F"
748;"MHB";"F";"MHB";"F"
749;"MHB";"MHB";"MHB";"MHB"
750;"MHB";"F";"F";"MHB"
751;"MHB";"MHB";"MHB";"F"
752;"F";"MHB";"MHB";"F"
753;"F";"F";"F";"F"
754;"MHB";"F";"F";"MHB"
755;"MHB";"MHB";"MHB";"MHB"
756;"F";"F";"F";"F"
757;"MHB";"F";"F";"F"
758;"F";"MHB";"MHB";"F"
759;"MHB";"MHB";"F";"F"
760;"MHB";"MHB";"MHB";"MHB"
761;"MHB";"MHB";"F";"F"
762;"MHB";"F";"MHB";"MHB"
763;"MHB";"MHB";"MHB";"F"
764;"MHB";"MHB";"MHB";"F"
765;"MHB";"MHB";"MHB";"MHB"
766;"MHB";"MHB";"MHB";"F"
767;"F";"MHB";"F";"MHB"
768;"F";"F";"F";"F"
769;"F";"MHB";"MHB";"F"
770;"MHB";"MHB";"F";"MHB"
771;"MHB";"F";"F";"F"
772;"MHB";"F";"MHB";"MHB"
773;"F";"MHB";"MHB";"F"
774;"F";"F";"MHB";"MHB"
775;"MHB";"MHB";"MHB";"F"
776;"MHB";"MHB";"MHB";"MHB"
777;"MHB";"MHB";"MHB";"MHB"
778;"F";"F";"MHB";"MHB"
779;"MHB";"MHB";"MHB";"MHB"
780;"F";"F";"F";"MHB"
781;"MHB";"F";"F";"F"
782;"F";"MHB";"F";"F"
783;"MHB";"MHB";"MHB";"MHB"
784;"MHB";"MHB";"F";"MHB"
785;"MHB";"MHB";"MHB";"F"
786;"F";"MHB";"F";"F"
787;"F";"MHB";"F";"MHB"
788;"F";"F";"MHB";"F"
789;"MHB";"MHB";"F";"F"
790;"F";"MHB";"F";"F"
791;"F";"MHB";"F";"MHB"
792;"MHB";"MHB";"MHB";"F"
793;"MHB";"F";"F";"F"
794;"F";"F";"MHB";"F"
795;"MHB";"F";"MHB";"F"
796;"F";"MHB";"MHB";"MHB"
797;"MHB";"F";"F";"F"
798;"MHB";"MHB";"MHB";"MHB"
799;"F";"F";"F";"MHB"
800;"F";"MHB";"F";"MHB"
801;"F";"MHB";"F";"MHB"
802;"F";"F";"F";"MHB"
803;"MHB";"F";"MHB";"F"
804;"MHB";"F";"F";"MHB"
805;"F";"MHB";"F";"F"
806;"F";"F";"MHB";"F"
807;"F";"F";"MHB";"MHB"
808;"F";"MHB";"F";"MHB"
809;"F";"MHB";"F";"MHB"
810;"F";"MHB";"F";"F"
811;"MHB";"MHB";"F";"F"
812;"F";"MHB";"F";"MHB"
813;"F";"MHB";"F";"MHB"
814;"F";"MHB";"MHB";"F"
815;"MHB";"MHB";"F";"MHB"
816;"MHB";"MHB";"MHB";"MHB"
817;"MHB";"MHB";"F";"MHB"
818;"MHB";"F";"MHB";"F"
819;"MHB";"F";"F";"F"
820;"F";"F";"F";"MHB"
821;"MHB";"MHB";"MHB";"F"
822;"F";"MHB";"MHB";"F"
823;"MHB";"MHB";"F";"F"
824;"F";"MHB";"MHB";"F"
825;"F";"F";"F";"MHB"
826;"F";"F";"MHB";"MHB"
827;"MHB";"MHB";"F";"F"
828;"MHB";"F";"MHB";"F"
829;"MHB";"MHB";"MHB";"F"
830;"MHB";"MHB";"F";"MHB"
831;"MHB";"F";"MHB";"MHB"
832;"MHB";"F";"F";"F"
833;"MHB";"F";"MHB";"F"
834;"F";"MHB";"MHB";"MHB"
835;"F";"F";"MHB";"F"
836;"F";"F";"MHB";"MHB"
837;"MHB";"MHB";"MHB";"MHB"
838;"MHB";"MHB";"F";"MHB"
839;"F";"MHB";"MHB";"MHB"
840;"MHB";"F";"F";"MHB"
841;"MHB";"MHB";"MHB";"MHB"
842;"MHB";"MHB";"F";"MHB"
843;"MHB";"MHB";"F";"F"
844;"MHB";"F";"F";"MHB"
845;"MHB";"MHB";"F";"F"
846;"MHB";"MHB";"MHB";"F"
847;"MHB";"MHB";"F";"F"
848;"F";"F";"MHB";"MHB"
849;"MHB";"F";"MHB";"F"
850;"MHB";"MHB";"MHB";"MHB"
851;"MHB";"MHB";"MHB";"MHB"
852;"F";"MHB";"MHB";"F"
853;"MHB";"MHB";"F";"MHB"
854;"F";"F";"F";"MHB"
855;"MHB";"MHB";"F";"F"
856;"F";"MHB";"MHB";"F"
857;"MHB";"F";"MHB";"MHB"
858;"MHB";"MHB";"MHB";"MHB"
859;"MHB";"MHB";"F";"F"
860;"F";"F";"MHB";"F"
861;"MHB";"MHB";"MHB";"F"
862;"MHB";"F";"MHB";"F"
863;"MHB";"MHB";"F";"MHB"
864;"MHB";"F";"MHB";"F"
865;"MHB";"F";"F";"MHB"
866;"MHB";"F";"MHB";"F"
867;"MHB";"F";"MHB";"MHB"
868;"F";"F";"MHB";"MHB"
869;"F";"MHB";"F";"F"
870;"MHB";"MHB";"F";"MHB"
871;"MHB";"F";"MHB";"F"
872;"MHB";"MHB";"MHB";"F"
873;"MHB";"F";"F";"MHB"
874;"MHB";"F";"MHB";"F"
875;"MHB";"F";"MHB";"MHB"
876;"F";"F";"F";"MHB"
877;"F";"F";"F";"F"
878;"MHB";"F";"F";"MHB"
879;"F";"MHB";"F";"MHB"
880;"MHB";"MHB";"MHB";"MHB"
881;"MHB";"MHB";"MHB";"F"
882;"MHB";"MHB";"MHB";"MHB"
883;"MHB";"MHB";"MHB";"MHB"
884;"MHB";"F";"F";"F"
885;"F";"F";"F";"F"
886;"F";"MHB";"MHB";"MHB"
887;"F";"MHB";"F";"F"
888;"F";"F";"F";"MHB"
889;"F";"MHB";"F";"MHB"
890;"MHB";"MHB";"MHB";"F"
891;"F";"F";"F";"F"
892;"F";"MHB";"MHB";"MHB"
893;"MHB";"F";"F";"F"
894;"F";"MHB";"F";"MHB"
895;"MHB";"F";"MHB";"MHB"
896;"F";"F";"F";"F"
897;"F";"MHB";"F";"F"
898;"F";"MHB";"F";"F"
899;"F";"F";"F";"MHB"
900;"MHB";"F";"F";"MHB"
901;"F";"MHB";"MHB";"MHB"
902;"MHB";"F";"MHB";"F"
903;"F";"MHB";"F";"F"
904;"F";"F";"F";"F"
905;"F";"F";"MHB";"F"
906;"F";"MHB";"MHB";"F"
907;"MHB";"MHB";"F";"F"
908;"F";"F";"MHB";"F"
909;"MHB";"MHB";"MHB";"F"
910;"F";"F";"F";"F"
911;"MHB";"F";"F";"F"
912;"F";"MHB";"F";"F"
913;"F";"F";"MHB";"F"
914;"F";"F";"MHB";"MHB"
915;"MHB";"F";"F";"MHB"
916;"F";"MHB";"F";"F"
917;"F";"F";"MHB";"F"
918;"MHB";"F";"MHB";"MHB"
919;"MHB";"MHB";"F";"F"
920;"F";"F";"F";"F"
921;"F";"MHB";"F";"F"
922;"F";"MHB";"F";"MHB"
923;"F";"MHB";"F";"F"
924;"F";"F";"MHB";"MHB"
925;"MHB";"F";"MHB";"MHB"
926;"MHB";"F";"MHB";"MHB"
927;"MHB";"MHB";"MHB";"F"
928;"MHB";"F";"F";"MHB"
929;"MHB";"F";"F";"MHB"
930;"MHB";"MHB";"MHB";"F"
931;"MHB";"MHB";"F";"F"
932;"MHB";"MHB";"MHB";"MHB"
933;"F";"F";"MHB";"F"
934;"MHB";"MHB";"MHB";"MHB"
935;"MHB";"F";"MHB";"F"
936;"MHB";"MHB";"MHB";"F"
937;"MHB";"F";"MHB";"MHB"
938;"MHB";"MHB";"F";"F"
939;"MHB";"MHB";"MHB";"F"
940;"F";"F";"F";"MHB"
941;"F";"MHB";"F";"MHB"
942;"MHB";"MHB";"MHB";"F"
943;"MHB";"MHB";"F";"F"
944;"MHB";"MHB";"F";"F"
945;"F";"F";"MHB";"MHB"
946;"MHB";"MHB";"MHB";"F"
947;"MHB";"F";"F";"MHB"
948;"MHB";"MHB";"MHB";"MHB"
949;"F";"MHB";"F";"F"
950;"F";"F";"MHB";"F"
951;"MHB";"MHB";"MHB";"MHB"
952;"MHB";"F";"F";"F"
953;"F";"F";"MHB";"MHB"
954;"F";"F";"F";"MHB"
955;"F";"F";"F";"F"
956;"F";"MHB";"MHB";"F"
957;"MHB";"F";"F";"MHB"
958;"MHB";"F";"F";"MHB"
959;"MHB";"F";"MHB";"F"
960;"F";"MHB";"MHB";"MHB"
961;"MHB";"F";"F";"F"
962;"F";"F";"F";"MHB"
963;"MHB";"F";"F";"F"
964;"F";"MHB";"F";"MHB"
965;"MHB";"MHB";"F";"F"
966;"MHB";"MHB";"MHB";"MHB"
967;"MHB";"MHB";"F";"MHB"
968;"MHB";"MHB";"F";"F"
969;"MHB";"MHB";"MHB";"MHB"
970;"F";"MHB";"MHB";"MHB"
971;"F";"F";"F";"F"
972;"F";"F";"F";"F"
973;"MHB";"MHB";"F";"F"
974;"MHB";"F";"F";"F"
975;"MHB";"F";"F";"MHB"
976;"MHB";"MHB";"F";"F"
977;"F";"MHB";"F";"MHB"
978;"MHB";"MHB";"MHB";"MHB"
979;"F";"MHB";"MHB";"MHB"
980;"MHB";"F";"F";"MHB"
981;"F";"F";"MHB";"F"
982;"MHB";"F";"F";"MHB"
983;"MHB";"MHB";"MHB";"F"
984;"MHB";"MHB";"F";"F"
985;"MHB";"MHB";"MHB";"F"
986;"F";"F";"MHB";"F"
987;"F";"F";"MHB";"MHB"
988;"MHB";"MHB";"MHB";"F"
989;"MHB";"F";"MHB";"MHB"
990;"F";"F";"MHB";"F"
991;"F";"F";"MHB";"MHB"
992;"F";"MHB";"F";"MHB"
993;"MHB";"F";"MHB";"MHB"
994;"MHB";"MHB";"F";"MHB"
995;"F";"MHB";"F";"F"
996;"F";"F";"MHB";"MHB"
997;"F";"MHB";"F";"F"
998;"MHB";"F";"F";"MHB"
999;"MHB";"MHB";"MHB";"MHB"
1000;"MHB";"MHB";"MHB";"MHB"
1001;"MHB";"F";"MHB";"F"
1002;"MHB";"F";"MHB";"F"
1003;"MHB";"MHB";"MHB";"F"
1004;"F";"F";"F";"F"
1005;"MHB";"F";"F";"MHB"
1006;"MHB";"F";"F";"MHB"
1007;"MHB";"MHB";"MHB";"MHB"
1008;"F";"MHB";"F";"MHB"
1009;"F";"F";"F";"MHB"
1010;"MHB";"MHB";"MHB";"MHB"
1011;"MHB";"F";"MHB";"MHB"
1012;"F";"MHB";"MHB";"MHB"
1013;"F";"F";"MHB";"F"
1014;"F";"F";"F";"F"
1015;"F";"F";"F";"MHB"
1016;"MHB";"MHB";"F";"F"
1017;"MHB";"F";"MHB";"MHB"
1018;"F";"F";"MHB";"MHB"
1019;"MHB";"MHB";"MHB";"MHB"
1020;"F";"MHB";"F";"MHB"
1021;"MHB";"MHB";"MHB";"MHB"
1022;"F";"MHB";"MHB";"F"
1023;"F";"MHB";"F";"MHB"
1024;"MHB";"MHB";"MHB";"F"
1025;"F";"MHB";"F";"F"
1026;"F";"MHB";"MHB";"MHB"
1027;"F";"MHB";"F";"MHB"
1028;"F";"F";"MHB";"F"
1029;"F";"F";"MHB";"MHB"
1030;"F";"MHB";"MHB";"MHB"
1031;"F";"F";"F";"MHB"
1032;"F";"F";"F";"F"
1033;"MHB";"MHB";"MHB";"MHB"
1034;"MHB";"MHB";"MHB";"MHB"
1035;"MHB";"F";"F";"F"
1036;"MHB";"MHB";"MHB";"F"
1037;"MHB";"F";"MHB";"MHB"
1038;"MHB";"MHB";"MHB";"F"
1039;"MHB";"F";"MHB";"F"
1040;"F";"MHB";"F";"F"
1041;"MHB";"F";"MHB";"MHB"
1042;"MHB";"F";"F";"F"
1043;"F";"MHB";"F";"F"
1044;"MHB";"MHB";"F";"F"
1045;"MHB";"MHB";"F";"F"
1046;"MHB";"MHB";"F";"MHB"
1047;"F";"F";"MHB";"MHB"
1048;"F";"MHB";"MHB";"MHB"
1049;"MHB";"F";"MHB";"MHB"
1050;"F";"F";"MHB";"F"
1051;"F";"MHB";"F";"F"
1052;"F";"MHB";"F";"MHB"
1053;"MHB";"MHB";"MHB";"F"
1054;"MHB";"MHB";"MHB";"F"
1055;"MHB";"MHB";"F";"F"
1056;"F";"F";"F";"F"
1057;"MHB";"MHB";"MHB";"MHB"
1058;"MHB";"MHB";"F";"MHB"
1059;"MHB";"F";"F";"F"
1060;"F";"F";"MHB";"MHB"
1061;"F";"MHB";"MHB";"F"
1062;"F";"F";"MHB";"F"
1063;"MHB";"MHB";"F";"F"
1064;"F";"MHB";"F";"F"
1065;"MHB";"F";"F";"F"
1066;"MHB";"F";"MHB";"F"
1067;"F";"MHB";"F";"F"
1068;"F";"F";"MHB";"F"
1069;"F";"F";"F";"MHB"
1070;"F";"MHB";"F";"F"
1071;"F";"F";"F";"F"
1072;"F";"MHB";"MHB";"F"
1073;"MHB";"MHB";"F";"MHB"
1074;"F";"MHB";"MHB";"F"
1075;"F";"F";"F";"F"
1076;"F";"MHB";"MHB";"MHB"
1077;"MHB";"F";"MHB";"MHB"
1078;"F";"MHB";"MHB";"MHB"
1079;"F";"F";"F";"F"
1080;"MHB";"MHB";"MHB";"F"
1081;"F";"F";"MHB";"MHB"
1082;"MHB";"MHB";"F";"F"
1083;"F";"MHB";"F";"MHB"
1084;"F";"F";"MHB";"MHB"
1085;"F";"F";"MHB";"F"
1086;"MHB";"MHB";"MHB";"MHB"
1087;"MHB";"F";"F";"MHB"
1088;"F";"MHB";"MHB";"F"
1089;"MHB";"MHB";"MHB";"MHB"
1090;"MHB";"F";"MHB";"F"
1091;"F";"MHB";"MHB";"MHB"
1092;"F";"MHB";"F";"MHB"
1093;"F";"MHB";"MHB";"F"
1094;"MHB";"MHB";"MHB";"F"
1095;"F";"F";"F";"MHB"
1096;"MHB";"MHB";"MHB";"F"
1097;"MHB";"MHB";"F";"MHB"
1098;"MHB";"F";"F";"MHB"
1099;"MHB";"F";"F";"F"
1100;"MHB";"MHB";"F";"MHB"
1101;"F";"F";"F";"F"
1102;"MHB";"MHB";"MHB";"MHB"
1103;"MHB";"MHB";"MHB";"F"
1104;"F";"MHB";"MHB";"MHB"
1105;"MHB";"F";"F";"F"
1106;"MHB";"MHB";"MHB";"F"
1107;"MHB";"F";"F";"F"
1108;"MHB";"F";"F";"MHB"
1109;"MHB";"MHB";"F";"MHB"
1110;"F";"MHB";"MHB";"MHB"
1111;"F";"MHB";"MHB";"MHB"
1112;"F";"F";"F";"F"
1113;"F";"F";"F";"MHB"
1114;"MHB";"MHB";"MHB";"F"
1115;"MHB";"F";"MHB";"MHB"
1116;"MHB";"F";"F";"MHB"
1117;"F";"MHB";"F";"F"
1118;"MHB";"F";"F";"F"
1119;"F";"MHB";"MHB";"MHB"
1120;"MHB";"F";"MHB";"F"
1121;"MHB";"MHB";"F";"MHB"
1122;"MHB";"MHB";"F";"F"
1123;"F";"MHB";"MHB";"MHB"
1124;"F";"F";"MHB";"F"
1125;"F";"MHB";"F";"MHB"
1126;"MHB";"MHB";"F";"F"
1127;"F";"F";"F";"MHB"
1128;"MHB";"MHB";"F";"F"
1129;"MHB";"F";"F";"F"
1130;"F";"F";"F";"MHB"
1131;"MHB";"F";"F";"MHB"
1132;"MHB";"F";"MHB";"MHB"
1133;"F";"MHB";"MHB";"F"
1134;"F";"F";"F";"F"
1135;"MHB";"MHB";"F";"F"
1136;"MHB";"MHB";"MHB";"MHB"
1137;"F";"MHB";"F";"F"
1138;"MHB";"F";"F";"MHB"
1139;"F";"MHB";"F";"F"
1140;"F";"F";"F";"F"
1141;"F";"MHB";"F";"F"
1142;"F";"F";"MHB";"MHB"
1143;"MHB";"F";"F";"MHB"
1144;"F";"MHB";"MHB";"MHB"
1145;"F";"MHB";"F";"MHB"
1146;"MHB";"F";"F";"F"
1147;"MHB";"MHB";"F";"F"
1148;"F";"MHB";"F";"F"
1149;"MHB";"MHB";"F";"MHB"
1150;"F";"MHB";"MHB";"F"
1151;"MHB";"F";"F";"F"
1152;"MHB";"MHB";"F";"F"
1153;"MHB";"F";"MHB";"MHB"
1154;"MHB";"F";"MHB";"MHB"
1155;"MHB";"MHB";"MHB";"MHB"
1156;"MHB";"MHB";"MHB";"MHB"
1157;"MHB";"F";"F";"F"
1158;"MHB";"F";"MHB";"MHB"
1159;"MHB";"F";"MHB";"F"
1160;"F";"MHB";"F";"F"
1161;"MHB";"F";"MHB";"F"
1162;"F";"MHB";"MHB";"F"
1163;"F";"MHB";"F";"F"
1164;"F";"F";"MHB";"MHB"
1165;"MHB";"F";"F";"F"
1166;"F";"F";"MHB";"F"
1167;"F";"F";"MHB";"F"
1168;"F";"F";"MHB";"F"
1169;"MHB";"MHB";"F";"MHB"
1170;"F";"MHB";"F";"F"
1171;"F";"F";"F";"MHB"
1172;"F";"MHB";"MHB";"MHB"
1173;"MHB";"MHB";"MHB";"F"
1174;"MHB";"MHB";"MHB";"MHB"
1175;"F";"MHB";"MHB";"F"
1176;"MHB";"MHB";"F";"F"
1177;"F";"F";"MHB";"F"
1178;"F";"F";"F";"MHB"
1179;"F";"MHB";"MHB";"MHB"
1180;"F";"F";"MHB";"F"
1181;"F";"MHB";"F";"MHB"
1182;"MHB";"F";"MHB";"MHB"
1183;"F";"F";"F";"F"
1184;"MHB";"F";"F";"MHB"
1185;"MHB";"MHB";"MHB";"MHB"
1186;"F";"MHB";"MHB";"MHB"
1187;"F";"F";"F";"MHB"
1188;"MHB";"F";"MHB";"F"
1189;"F";"F";"MHB";"MHB"
1190;"MHB";"MHB";"F";"F"
1191;"MHB";"MHB";"F";"MHB"
1192;"F";"MHB";"F";"MHB"
1193;"MHB";"F";"MHB";"MHB"
1194;"F";"F";"F";"F"
1195;"F";"MHB";"MHB";"MHB"
1196;"MHB";"MHB";"F";"MHB"
1197;"MHB";"F";"MHB";"F"
1198;"F";"F";"F";"F"
1199;"F";"MHB";"F";"MHB"
1200;"F";"F";"MHB";"F"
1201;"MHB";"MHB";"F";"MHB"
1202;"MHB";"F";"F";"MHB"
1203;"F";"MHB";"MHB";"F"
1204;"F";"MHB";"F";"MHB"
1205;"F";"MHB";"F";"F"
1206;"F";"MHB";"MHB";"F"
1207;"F";"MHB";"MHB";"MHB"
1208;"MHB";"MHB";"F";"MHB"
1209;"F";"MHB";"F";"MHB"
1210;"F";"MHB";"F";"F"
1211;"F";"MHB";"MHB";"F"
1212;"F";"F";"F";"MHB"
1213;"MHB";"MHB";"MHB";"F"
1214;"F";"F";"MHB";"MHB"
1215;"F";"F";"F";"F"
1216;"MHB";"MHB";"MHB";"MHB"
1217;"MHB";"F";"MHB";"MHB"
1218;"MHB";"F";"MHB";"MHB"
1219;"F";"MHB";"F";"F"
1220;"F";"F";"F";"MHB"
1221;"MHB";"MHB";"F";"F"
1222;"MHB";"F";"MHB";"MHB"
1223;"F";"MHB";"F";"MHB"
1224;"F";"F";"MHB";"MHB"
1225;"F";"F";"F";"MHB"
1226;"MHB";"F";"F";"F"
1227;"F";"F";"F";"MHB"
1228;"MHB";"F";"F";"F"
1229;"F";"MHB";"MHB";"F"
1230;"F";"MHB";"F";"F"
1231;"MHB";"F";"MHB";"MHB"
1232;"MHB";"F";"F";"MHB"
1233;"MHB";"F";"F";"MHB"
1234;"MHB";"F";"F";"MHB"
1235;"F";"MHB";"MHB";"MHB"
1236;"MHB";"F";"MHB";"MHB"
1237;"MHB";"MHB";"F";"F"
1238;"F";"F";"MHB";"MHB"
1239;"MHB";"F";"MHB";"MHB"
1240;"F";"MHB";"F";"F"
1241;"MHB";"MHB";"F";"F"
1242;"MHB";"MHB";"F";"F"
1243;"MHB";"F";"MHB";"MHB"
1244;"F";"MHB";"MHB";"F"
1245;"MHB";"F";"F";"F"
1246;"F";"F";"MHB";"MHB"
1247;"MHB";"MHB";"F";"MHB"
1248;"F";"MHB";"F";"F"
1249;"F";"F";"F";"MHB"
1250;"MHB";"MHB";"F";"F"
1251;"MHB";"F";"MHB";"F"
1252;"F";"F";"F";"MHB"
1253;"F";"F";"F";"F"
1254;"MHB";"F";"F";"MHB"
1255;"MHB";"F";"F";"MHB"
1256;"MHB";"F";"F";"F"
1257;"F";"F";"F";"MHB"
1258;"F";"MHB";"F";"MHB"
1259;"F";"MHB";"MHB";"F"
1260;"MHB";"F";"MHB";"F"
1261;"F";"MHB";"MHB";"F"
1262;"MHB";"MHB";"F";"MHB"
1263;"MHB";"F";"F";"F"
1264;"F";"F";"F";"F"
1265;"MHB";"F";"MHB";"F"
1266;"MHB";"F";"MHB";"MHB"
1267;"F";"MHB";"F";"MHB"
1268;"F";"F";"F";"F"
1269;"F";"MHB";"MHB";"MHB"
1270;"MHB";"F";"F";"F"
1271;"F";"MHB";"F";"F"
1272;"F";"F";"MHB";"F"
1273;"MHB";"MHB";"MHB";"MHB"
1274;"F";"MHB";"F";"F"
1275;"MHB";"F";"F";"F"
1276;"F";"MHB";"MHB";"MHB"
1277;"F";"F";"MHB";"F"
1278;"MHB";"MHB";"F";"MHB"
1279;"MHB";"MHB";"F";"F"
1280;"MHB";"MHB";"F";"MHB"
1281;"MHB";"F";"MHB";"F"
1282;"F";"F";"MHB";"F"
1283;"MHB";"F";"F";"MHB"
1284;"MHB";"MHB";"MHB";"F"
1285;"F";"F";"MHB";"MHB"
1286;"F";"MHB";"MHB";"F"
1287;"MHB";"F";"MHB";"MHB"
1288;"F";"F";"MHB";"MHB"
1289;"MHB";"F";"F";"F"
1290;"MHB";"MHB";"F";"MHB"
1291;"MHB";"F";"MHB";"F"
1292;"F";"MHB";"F";"F"
1293;"F";"F";"MHB";"F"
1294;"MHB";"MHB";"MHB";"MHB"
1295;"F";"F";"MHB";"F"
1296;"MHB";"F";"F";"F"
1297;"F";"MHB";"F";"F"
1298;"F";"F";"F";"F"
1299;"MHB";"MHB";"F";"F"
1300;"MHB";"MHB";"F";"F"
1301;"F";"MHB";"F";"MHB"
1302;"MHB";"MHB";"F";"MHB"
1303;"F";"MHB";"F";"F"
1304;"MHB";"F";"MHB";"F"
1305;"MHB";"F";"MHB";"MHB"
1306;"MHB";"MHB";"F";"MHB"
1307;"F";"MHB";"F";"MHB"
1308;"F";"F";"MHB";"MHB"
1309;"F";"MHB";"F";"F"
1310;"F";"MHB";"MHB";"F"
1311;"F";"MHB";"MHB";"F"
1312;"F";"MHB";"F";"MHB"
1313;"MHB";"F";"F";"F"
1314;"F";"F";"MHB";"MHB"
1315;"MHB";"MHB";"F";"F"
1316;"F";"MHB";"F";"F"
1317;"MHB";"MHB";"MHB";"F"
1318;"MHB";"MHB";"MHB";"MHB"
1319;"F";"MHB";"F";"MHB"
1320;"F";"MHB";"F";"F"
1321;"MHB";"F";"MHB";"MHB"
1322;"MHB";"F";"F";"F"
1323;"MHB";"MHB";"MHB";"F"
1324;"MHB";"MHB";"F";"MHB"
1325;"MHB";"F";"F";"MHB"
1326;"MHB";"MHB";"F";"MHB"
1327;"F";"MHB";"MHB";"MHB"
1328;"F";"F";"F";"F"
1329;"MHB";"F";"F";"MHB"
1330;"MHB";"MHB";"F";"F"
1331;"MHB";"F";"MHB";"MHB"
1332;"MHB";"F";"F";"MHB"
1333;"F";"MHB";"F";"F"
1334;"F";"MHB";"MHB";"F"
1335;"MHB";"F";"MHB";"MHB"
1336;"F";"F";"MHB";"F"
1337;"MHB";"F";"F";"MHB"
1338;"F";"F";"F";"F"
1339;"MHB";"MHB";"F";"MHB"
1340;"MHB";"F";"MHB";"MHB"
1341;"F";"MHB";"F";"F"
1342;"F";"MHB";"F";"F"
1343;"MHB";"F";"MHB";"F"
1344;"F";"F";"MHB";"F"
1345;"F";"MHB";"F";"MHB"
1346;"MHB";"MHB";"F";"F"
1347;"MHB";"MHB";"MHB";"F"
1348;"MHB";"F";"F";"F"
1349;"MHB";"MHB";"MHB";"F"
1350;"MHB";"F";"F";"MHB"
1351;"MHB";"MHB";"F";"F"
1352;"MHB";"MHB";"MHB";"F"
1353;"MHB";"F";"F";"MHB"
1354;"F";"F";"MHB";"F"
1355;"F";"MHB";"MHB";"F"
1356;"F";"MHB";"F";"MHB"
1357;"MHB";"F";"MHB";"F"
1358;"MHB";"MHB";"MHB";"MHB"
1359;"MHB";"F";"MHB";"MHB"
1360;"F";"MHB";"F";"F"
1361;"MHB";"MHB";"F";"MHB"
1362;"MHB";"F";"F";"F"
1363;"F";"MHB";"MHB";"F"
1364;"F";"MHB";"MHB";"F"
1365;"MHB";"MHB";"MHB";"MHB"
1366;"F";"MHB";"MHB";"MHB"
1367;"MHB";"MHB";"MHB";"MHB"
1368;"F";"MHB";"F";"F"
1369;"F";"F";"MHB";"F"
1370;"MHB";"F";"F";"MHB"
1371;"MHB";"MHB";"MHB";"F"
1372;"F";"F";"MHB";"MHB"
1373;"F";"F";"MHB";"F"
1374;"MHB";"MHB";"F";"F"
1375;"MHB";"MHB";"F";"MHB"
1376;"MHB";"F";"MHB";"MHB"
1377;"F";"MHB";"MHB";"F"
1378;"MHB";"MHB";"MHB";"MHB"
1379;"F";"MHB";"MHB";"MHB"
1380;"F";"F";"F";"MHB"
1381;"MHB";"F";"F";"MHB"
1382;"MHB";"F";"MHB";"F"
1383;"MHB";"F";"MHB";"MHB"
1384;"MHB";"F";"MHB";"F"
1385;"F";"F";"MHB";"MHB"
1386;"MHB";"MHB";"MHB";"F"
1387;"MHB";"F";"MHB";"MHB"
1388;"F";"MHB";"MHB";"MHB"
1389;"F";"F";"F";"F"
1390;"F";"MHB";"MHB";"MHB"
1391;"MHB";"F";"MHB";"F"
1392;"MHB";"MHB";"F";"MHB"
1393;"F";"F";"F";"F"
1394;"F";"F";"F";"MHB"
1395;"MHB";"F";"MHB";"F"
1396;"F";"F";"F";"F"
1397;"MHB";"MHB";"F";"MHB"
1398;"MHB";"F";"MHB";"MHB"
1399;"F";"F";"F";"F"
1400;"F";"MHB";"F";"MHB"
1401;"F";"F";"F";"F"
1402;"F";"F";"MHB";"MHB"
1403;"MHB";"F";"MHB";"MHB"
1404;"MHB";"F";"MHB";"F"
1405;"MHB";"MHB";"MHB";"MHB"
1406;"F";"F";"MHB";"F"
1407;"MHB";"F";"F";"F"
1408;"F";"MHB";"F";"F"
1409;"F";"MHB";"F";"F"
1410;"F";"F";"F";"MHB"
1411;"MHB";"MHB";"MHB";"F"
1412;"MHB";"F";"MHB";"MHB"
1413;"MHB";"F";"F";"F"
1414;"F";"MHB";"MHB";"F"
1415;"F";"F";"MHB";"MHB"
1416;"MHB";"MHB";"F";"F"
1417;"MHB";"F";"MHB";"MHB"
1418;"F";"F";"MHB";"F"
1419;"F";"F";"MHB";"F"
1420;"F";"F";"MHB";"F"
1421;"F";"F";"F";"F"
1422;"MHB";"MHB";"F";"MHB"
1423;"MHB";"F";"MHB";"MHB"
1424;"F";"F";"F";"F"
1425;"MHB";"F";"F";"MHB"
1426;"MHB";"MHB";"F";"MHB"
1427;"MHB";"MHB";"F";"MHB"
1428;"MHB";"MHB";"F";"F"
1429;"F";"MHB";"F";"MHB"
1430;"MHB";"F";"F";"MHB"
1431;"MHB";"MHB";"F";"F"
1432;"MHB";"F";"F";"MHB"
1433;"MHB";"F";"MHB";"MHB"
1434;"MHB";"MHB";"F";"MHB"
1435;"MHB";"F";"MHB";"F"
1436;"MHB";"MHB";"MHB";"F"
1437;"MHB";"F";"F";"MHB"
1438;"F";"F";"MHB";"MHB"
1439;"MHB";"F";"F";"F"
1440;"F";"F";"F";"F"
1441;"MHB";"F";"MHB";"F"
1442;"F";"F";"F";"F"
1443;"MHB";"MHB";"F";"MHB"
1444;"F";"F";"F";"F"
1445;"MHB";"F";"MHB";"MHB"
1446;"MHB";"F";"MHB";"F"
1447;"MHB";"F";"MHB";"F"
1448;"F";"F";"MHB";"F"
1449;"MHB";"F";"MHB";"MHB"
1450;"MHB";"F";"MHB";"F"
1451;"MHB";"MHB";"F";"F"
1452;"F";"F";"F";"MHB"
1453;"MHB";"MHB";"MHB";"F"
1454;"F";"MHB";"MHB";"MHB"
1455;"F";"MHB";"MHB";"F"
1456;"F";"F";"MHB";"MHB"
1457;"F";"F";"F";"MHB"
1458;"MHB";"F";"F";"F"
1459;"F";"F";"F";"F"
1460;"MHB";"F";"MHB";"MHB"
1461;"MHB";"MHB";"MHB";"MHB"
1462;"F";"MHB";"MHB";"F"
1463;"F";"F";"MHB";"MHB"
1464;"MHB";"F";"F";"F"
1465;"MHB";"MHB";"MHB";"MHB"
1466;"F";"F";"F";"F"
1467;"MHB";"MHB";"MHB";"MHB"
1468;"MHB";"F";"MHB";"MHB"
1469;"MHB";"F";"F";"F"
1470;"MHB";"MHB";"MHB";"MHB"
1471;"F";"MHB";"F";"F"
1472;"F";"F";"F";"MHB"
1473;"F";"MHB";"MHB";"MHB"
1474;"F";"F";"F";"MHB"
1475;"F";"MHB";"F";"F"
1476;"F";"MHB";"F";"F"
1477;"F";"F";"F";"F"
1478;"MHB";"MHB";"F";"MHB"
1479;"MHB";"MHB";"MHB";"MHB"
1480;"MHB";"F";"F";"MHB"
1481;"F";"MHB";"F";"F"
1482;"MHB";"MHB";"F";"F"
1483;"MHB";"MHB";"MHB";"F"
1484;"F";"F";"MHB";"F"
1485;"F";"MHB";"MHB";"MHB"
1486;"F";"MHB";"MHB";"MHB"
1487;"F";"F";"F";"F"
1488;"MHB";"MHB";"MHB";"MHB"
1489;"F";"MHB";"MHB";"MHB"
1490;"F";"MHB";"F";"MHB"
1491;"MHB";"F";"F";"MHB"
1492;"F";"F";"F";"F"
1493;"MHB";"F";"F";"MHB"
1494;"F";"F";"MHB";"MHB"
1495;"F";"MHB";"MHB";"F"
1496;"F";"MHB";"F";"F"
1497;"MHB";"F";"MHB";"MHB"
1498;"MHB";"F";"F";"MHB"
1499;"F";"F";"MHB";"MHB"
1500;"MHB";"F";"MHB";"F"
